<?xml version="1.0" encoding="UTF-8"?>
<rss version="2.0" xmlns:atom="http://www.w3.org/2005/Atom">
  <channel>
    <title>Science Bowl YYC</title>
    <description>Your description
</description>
    <link>http://localhost:4000/</link>
    <atom:link href="http://localhost:4000/feed.xml" rel="self" type="application/rss+xml"/>
    <pubDate>Mon, 22 Jul 2019 17:40:44 -0600</pubDate>
    <lastBuildDate>Mon, 22 Jul 2019 17:40:44 -0600</lastBuildDate>
    <generator>Jekyll v3.8.6</generator>
    
  </channel>
</rss>
